,Name,state,summit_elev,vertical_drop,base_elev,trams,fastEight,fastSixes,fastQuads,quad,triple,double,surface,total_chairs,Runs,TerrainParks,LongestRun_mi,SkiableTerrain_ac,Snow Making_ac,daysOpenLastYear,yearsOpen,averageSnowfall,AdultWeekday,AdultWeekend,projectedDaysOpen,NightSkiing_ac,K-Means Clusters
0,Alyeska Resort,Alaska,3939.0,962.25,250.0,0.0,0.0,0.0,0.0,0.0,0.0,0.0,2.0,7.0,34.0,2.0,1.0,200.0,113.0,115.10394265232976,60.0,158.0,65.0,85.0,150.0,27.0,2
1,Eaglecrest Ski Area,Alaska,2600.0,1540.0,1200.0,0.0,0.0,0.0,0.0,0.0,0.0,1.0,0.0,4.0,36.0,1.0,2.0,200.0,60.0,115.10394265232976,44.0,156.5,47.0,53.0,90.0,0.0,2
2,Hilltop Ski Area,Alaska,2090.0,294.0,1796.0,0.0,0.0,0.0,0.0,0.0,1.0,0.0,2.0,3.0,13.0,1.0,1.0,30.0,30.0,115.10394265232976,36.0,69.0,57.91695652173913,64.16681003584229,152.0,30.0,0
3,Arizona Snowbowl,Arizona,3127.5,961.125,1561.5,0.0,0.0,0.0,0.0,0.0,2.0,1.0,2.0,8.0,55.0,4.0,2.0,200.0,104.0,122.0,81.0,260.0,57.91695652173913,89.0,122.0,0.0,2
4,Sunrise Park Resort,Arizona,3127.5,1800.0,1561.5,0.0,0.0,0.0,0.0,0.0,1.0,1.0,0.0,7.0,65.0,2.0,1.2,200.0,80.0,115.0,49.0,250.0,74.0,78.0,104.0,27.0,2
5,Yosemite Ski & Snowboard Area,California,3118.125,600.0,1560.75,0.0,0.0,0.0,0.0,0.0,1.0,1.0,1.0,5.0,10.0,2.0,0.4,88.0,174.87323943661968,110.0,58.0,300.0,47.0,47.0,107.0,0.0,2
6,Bear Mountain,California,3118.125,1665.0,1560.75,0.0,0.0,0.0,0.0,0.0,2.0,1.0,4.0,12.0,27.0,2.0,1.5,198.0,198.0,122.0,76.0,100.0,57.91695652173913,64.16681003584229,130.0,0.0,2
7,Bear Valley,California,3118.125,1900.0,1560.75,0.0,0.0,0.0,0.0,0.0,2.0,1.0,2.0,10.0,34.0,2.0,1.2,200.0,100.0,115.10394265232976,52.0,156.5,57.91695652173913,64.16681003584229,151.0,0.0,2
8,Boreal Mountain Resort,California,3116.5625,500.0,1560.75,0.0,0.0,0.0,0.0,0.0,1.0,1.0,2.0,8.0,33.0,2.0,1.0,380.0,200.0,115.10394265232976,54.0,157.0,49.0,64.16681003584229,150.0,27.0,2
9,Dodge Ridge,California,3118.125,1600.0,1560.75,0.0,0.0,0.0,0.0,0.0,2.0,1.0,4.0,12.0,34.0,2.0,2.0,200.0,174.87323943661968,115.10394265232976,69.0,156.5,78.0,78.0,140.0,0.0,2
10,Donner Ski Ranch,California,3118.125,750.0,1560.75,0.0,0.0,0.0,0.0,0.0,1.0,1.0,2.0,8.0,52.0,2.0,1.5,505.0,60.0,115.10394265232976,58.0,157.0,75.0,75.0,120.0530035335689,0.0,2
11,Heavenly Mountain Resort,California,3121.25,964.5,1560.75,0.0,0.0,0.0,0.0,0.0,1.0,1.0,2.0,7.0,34.0,3.0,1.0,200.0,132.5,115.10394265232976,64.0,156.5,57.91695652173913,64.16681003584229,120.0530035335689,0.0,2
12,June Mountain,California,3121.25,962.25,1560.75,0.0,0.0,0.0,0.0,0.0,0.0,1.0,1.0,7.0,41.0,2.0,2.0,200.0,174.87323943661968,115.10394265232976,58.0,250.0,57.91695652173913,64.16681003584229,128.0,0.0,2
13,Kirkwood,California,3121.25,960.5625,1561.5,0.0,0.0,0.0,0.0,0.0,1.0,1.0,3.0,12.0,34.0,2.0,1.0,200.0,200.0,115.10394265232976,47.0,156.5,57.91695652173913,64.16681003584229,120.0530035335689,0.0,2
14,Mammoth Mountain Ski Area,California,3127.5,964.5,1561.5,0.0,0.0,0.0,0.0,0.0,1.0,1.0,0.0,7.0,34.0,2.0,1.0,200.0,132.5,115.10394265232976,66.0,157.0,57.91695652173913,64.16681003584229,120.0530035335689,0.0,2
15,Mt. Shasta Ski Park,California,3116.5625,1435.0,1560.375,0.0,0.0,0.0,0.0,0.0,1.0,0.0,1.0,4.0,32.0,2.0,1.1,425.0,225.0,140.0,58.0,300.0,49.0,59.0,130.0,0.0,2
16,Mountain High,California,3118.125,1600.0,1560.75,0.0,0.0,0.0,0.0,0.0,2.0,1.0,3.0,7.0,59.0,1.0,1.6,290.0,130.3125,118.0,58.0,108.0,84.0,84.0,150.0,73.0,2
17,Mt. Baldy,California,3118.125,960.5625,1560.75,0.0,0.0,0.0,0.0,0.0,0.0,1.0,0.0,4.0,26.0,0.0,1.0,400.0,80.0,115.10394265232976,67.0,178.0,69.0,69.0,120.0530035335689,0.0,2
18,Northstar California,California,3118.125,961.125,1560.75,0.0,0.0,0.0,0.0,0.0,2.0,0.0,2.0,7.0,34.0,2.0,1.4,200.0,132.5,135.0,47.0,156.5,57.91695652173913,64.16681003584229,150.0,0.0,2
19,Sierra-at-Tahoe,California,3118.125,961.125,1560.75,0.0,0.0,0.0,0.0,0.0,1.0,1.0,2.0,7.0,46.0,2.0,1.0,200.0,200.0,115.10394265232976,73.0,158.0,57.91695652173913,64.16681003584229,144.0,0.0,2
20,Ski China Peak,California,3118.125,1679.0,1560.75,0.0,0.0,0.0,0.0,0.0,1.0,2.0,4.0,11.0,45.0,1.0,1.0,200.0,150.0,140.0,62.0,300.0,83.0,83.0,144.0,0.0,2
21,Snow Summit,California,3118.125,1200.0,1560.75,0.0,0.0,0.0,0.0,0.0,1.0,1.0,2.0,7.0,27.0,2.0,1.2,240.0,240.0,115.10394265232976,67.0,100.0,57.91695652173913,64.16681003584229,130.0,27.0,2
22,Snow Valley,California,3118.125,1041.0,1560.75,0.0,0.0,0.0,0.0,0.0,1.0,1.0,1.0,12.0,28.0,2.0,1.2,240.0,188.0,111.0,58.0,160.0,69.0,79.0,143.0,27.0,2
23,Soda Springs,California,3116.5625,652.0,1560.75,0.0,0.0,0.0,0.0,0.0,1.0,1.0,2.0,4.0,18.0,0.0,0.4,200.0,20.0,115.10394265232976,58.0,157.0,50.0,50.0,144.0,0.0,2
24,Sugar Bowl Resort,California,3118.125,1500.0,1560.75,0.0,0.0,0.0,0.0,0.0,1.0,0.0,2.0,12.0,34.0,3.0,1.0,200.0,131.25,115.10394265232976,80.0,158.0,57.91695652173913,64.16681003584229,150.0,0.0,2
25,Tahoe Donner,California,3116.5625,600.0,1560.75,0.0,0.0,0.0,0.0,0.0,1.0,0.0,3.0,5.0,14.0,2.0,1.0,120.0,174.87323943661968,115.10394265232976,48.0,157.0,69.0,69.0,144.0,0.0,2
26,Arapahoe Basin Ski Area,Colorado,3127.5,962.25,1561.5,0.0,0.0,0.0,0.0,0.0,1.0,2.0,3.0,9.0,34.0,3.0,1.5,200.0,125.0,115.10394265232976,73.0,156.5,57.91695652173913,85.0,120.0530035335689,0.0,2
27,Aspen / Snowmass,Colorado,3127.5,964.5,1561.5,0.0,0.0,0.0,0.0,0.0,1.0,1.0,2.0,7.0,34.0,2.0,1.0,200.0,132.5,138.0,72.0,300.0,57.91695652173913,64.16681003584229,138.0,0.0,2
28,Beaver Creek,Colorado,3127.5,964.5,1561.5,0.0,0.0,0.0,0.0,0.0,1.0,1.0,2.0,7.0,34.0,3.0,1.0,200.0,132.5,145.0,39.0,156.25,57.91695652173913,64.16681003584229,138.0,0.0,2
29,Breckenridge,Colorado,3127.5,964.5,1561.5,0.0,0.0,0.0,0.0,0.0,1.0,1.0,2.0,7.0,34.0,4.0,1.0,200.0,131.25,115.10394265232976,58.0,300.0,57.91695652173913,64.16681003584229,120.0530035335689,0.0,2
30,Copper Mountain Resort,Colorado,3127.5,962.25,1561.5,0.0,0.0,0.0,0.0,0.0,1.0,1.0,2.0,7.0,34.0,2.0,1.7,200.0,131.25,115.10394265232976,47.0,300.0,57.91695652173913,64.16681003584229,120.0530035335689,0.0,2
31,Crested Butte Mountain Resort,Colorado,3127.5,964.5,1561.5,0.0,0.0,0.0,0.0,0.0,2.0,1.0,2.0,7.0,34.0,4.0,1.0,200.0,130.625,145.0,58.0,234.0,57.91695652173913,64.16681003584229,131.0,0.0,2
32,Purgatory,Colorado,3127.5,960.5625,1561.5,0.0,0.0,0.0,0.0,0.0,1.0,1.0,3.0,12.0,34.0,2.0,1.3,200.0,250.0,130.0,54.0,260.0,57.91695652173913,89.0,130.0,0.0,2
33,Eldora Mountain Resort,Colorado,3127.5,1400.0,1561.5,0.0,0.0,0.0,0.0,0.0,1.0,1.0,3.0,10.0,65.0,2.0,1.0,200.0,132.5,115.10394265232976,57.0,311.0,57.91695652173913,64.16681003584229,150.0,0.0,2
34,Howelsen Hill,Colorado,3116.5625,440.0,1560.75,0.0,0.0,0.0,0.0,0.0,0.0,1.0,3.0,4.0,17.0,1.0,1.0,50.0,25.0,100.0,58.0,150.0,57.91695652173913,64.16681003584229,100.0,10.0,2
35,Keystone,Colorado,3127.5,964.5,1561.5,0.0,0.0,0.0,0.0,0.0,1.0,2.0,2.0,7.0,34.0,1.0,1.0,200.0,132.5,115.10394265232976,49.0,235.0,57.91695652173913,64.16681003584229,120.0530035335689,27.0,2
36,Loveland,Colorado,3127.5,961.125,1561.5,0.0,0.0,0.0,0.0,0.0,1.0,2.0,1.0,10.0,34.0,1.0,2.0,200.0,240.0,115.10394265232976,58.0,157.0,79.0,79.0,120.0530035335689,0.0,2
37,Monarch Mountain,Colorado,3127.5,1162.0,1561.5,0.0,0.0,0.0,0.0,0.0,0.0,1.0,2.0,7.0,64.0,2.0,1.0,200.0,174.87323943661968,143.0,80.0,156.5,57.91695652173913,89.0,136.0,0.0,2
38,Powderhorn,Colorado,3121.25,1650.0,1561.5,0.0,0.0,0.0,0.0,0.0,0.0,2.0,2.0,5.0,42.0,2.0,1.5,200.0,42.0,111.0,53.0,250.0,71.0,71.0,110.0,0.0,2
39,Silverton Mountain,Colorado,3127.5,964.5,1561.5,0.0,0.0,0.0,0.0,0.0,0.0,1.0,0.0,7.0,48.214723926380366,0.0,1.5,200.0,174.87323943661968,115.10394265232976,58.0,157.0,79.0,79.0,120.0530035335689,0.0,2
40,Cooper,Colorado,3127.5,1200.0,1561.5,0.0,0.0,0.0,0.0,0.0,1.0,1.0,2.0,4.0,41.0,1.0,1.0,400.0,174.87323943661968,130.0,74.0,260.0,56.0,56.0,130.0,0.0,2
41,Ski Granby Ranch,Colorado,3121.25,1000.0,1561.5,0.0,0.0,0.0,0.0,0.0,1.0,1.0,1.0,5.0,40.0,1.0,0.6,406.0,170.0,116.0,36.0,220.0,84.0,84.0,92.0,27.0,2
42,Steamboat,Colorado,3121.25,964.5,1560.75,0.0,0.0,0.0,0.0,0.0,1.0,2.0,3.0,7.0,34.0,4.0,1.0,200.0,131.25,145.0,56.0,156.25,57.91695652173913,64.16681003584229,145.0,30.0,2
43,Sunlight Mountain Resort,Colorado,3121.25,960.5625,1561.5,0.0,0.0,0.0,0.0,0.0,1.0,2.0,0.0,3.0,34.0,1.0,1.0,200.0,30.0,100.0,53.0,250.0,65.0,65.0,135.0,0.0,2
44,Telluride,Colorado,3127.5,964.5,1561.5,0.0,0.0,0.0,0.0,0.0,2.0,2.0,4.0,7.0,34.0,3.0,1.0,200.0,220.0,131.0,47.0,280.0,57.91695652173913,64.16681003584229,137.0,0.0,2
45,Vail,Colorado,3127.5,964.5,1561.5,0.0,0.0,0.0,0.0,0.0,1.0,0.0,2.0,7.0,34.0,3.0,1.0,200.0,131.25,115.10394265232976,57.0,156.5,57.91695652173913,64.16681003584229,142.0,0.0,2
46,Winter Park Resort,Colorado,3127.5,964.5,1561.5,0.0,0.0,0.0,0.0,0.0,1.0,1.0,2.0,7.0,34.0,2.0,1.0,200.0,130.625,115.10394265232976,79.0,156.5,57.91695652173913,64.16681003584229,151.0,0.0,2
47,Wolf Creek Ski Area,Colorado,3127.5,1604.0,1561.5,0.0,0.0,0.0,0.0,0.0,2.0,1.0,3.0,10.0,34.0,0.0,2.0,200.0,5.0,130.0,80.0,158.0,72.0,72.0,150.0,0.0,2
48,Mohawk Mountain,Connecticut,1600.0,650.0,950.0,0.0,0.0,0.0,0.0,0.0,1.0,0.0,3.0,8.0,25.0,0.0,1.5,107.0,100.0,115.10394265232976,72.0,92.0,57.91695652173913,65.0,110.0,64.0,0
49,Mount Southington Ski Area,Connecticut,525.0,425.0,1560.1875,0.0,0.0,0.0,0.0,0.0,2.0,2.0,3.0,7.0,14.0,2.0,0.3,51.0,51.0,115.10394265232976,55.0,80.0,60.0,60.0,95.0,51.0,0
50,Powder Ridge Park,Connecticut,720.0,550.0,1560.1875,0.0,0.0,0.0,0.0,0.0,1.0,2.0,2.0,5.0,19.0,4.0,0.5,80.0,68.0,115.10394265232976,60.0,80.0,45.0,55.0,100.0,40.0,0
51,Ski Sundown,Connecticut,1075.0,625.0,450.0,0.0,0.0,0.0,0.0,0.0,1.0,0.0,2.0,5.0,16.0,2.0,1.0,70.0,70.0,84.0,50.0,45.0,62.0,62.0,95.0,66.0,0
52,Woodbury Ski Area,Connecticut,730.0,300.0,430.0,0.0,0.0,0.0,0.0,0.0,0.0,1.0,4.0,5.0,12.0,2.0,0.2,50.0,50.0,126.0,57.0,70.0,42.0,42.0,120.0530035335689,35.0,0
53,Bogus Basin,Idaho,3116.5625,1800.0,1560.375,0.0,0.0,0.0,0.0,0.0,1.0,1.0,4.0,11.0,34.0,3.0,1.5,200.0,174.87323943661968,134.0,77.0,250.0,64.0,64.0,130.0,27.0,2
54,Brundage Mountain Resort,Idaho,3116.5625,1800.0,1560.375,0.0,0.0,0.0,0.0,0.0,1.0,0.0,1.0,6.0,51.0,2.0,1.0,200.0,2.0,126.0,58.0,320.0,70.0,70.0,120.0530035335689,0.0,2
55,Kelly Canyon Ski Area,Idaho,6600.0,1000.0,1560.375,0.0,0.0,0.0,0.0,0.0,0.0,1.0,2.0,6.0,51.0,1.0,1.3,200.0,174.87323943661968,115.10394265232976,62.0,200.0,57.91695652173913,42.0,120.0530035335689,0.0,1
56,Lookout Pass Ski Area,Idaho,5650.0,1150.0,1560.375,0.0,0.0,0.0,0.0,0.0,1.0,1.0,0.0,4.0,35.0,2.0,1.5,540.0,174.87323943661968,113.0,58.0,157.0,44.0,47.0,140.0,0.0,1
57,Magic Mountain Ski Area,Idaho,3116.5625,700.0,1560.75,0.0,0.0,0.0,0.0,0.0,0.0,1.0,2.0,3.0,11.0,0.0,1.5,280.0,174.87323943661968,115.10394265232976,81.0,180.0,32.0,64.16681003584229,120.0530035335689,0.0,2
58,Pebble Creek Ski Area,Idaho,3118.125,961.125,1560.75,0.0,0.0,0.0,0.0,0.0,1.0,0.0,0.0,3.0,54.0,2.0,1.3,200.0,30.0,85.0,70.0,250.0,47.0,47.0,91.0,30.0,2
59,Pomerelle Mountain Resort,Idaho,3118.125,1000.0,1561.5,0.0,0.0,0.0,0.0,0.0,1.0,1.0,1.0,3.0,24.0,2.0,1.5,500.0,50.0,138.0,56.0,158.0,57.91695652173913,64.16681003584229,138.0,27.0,2
60,Schweitzer,Idaho,6400.0,962.25,1560.1875,0.0,0.0,0.0,0.0,0.0,1.0,1.0,2.0,9.0,34.0,3.0,1.0,200.0,47.0,136.0,56.0,300.0,81.0,81.0,120.0530035335689,27.0,1
61,Silver Mountain,Idaho,6300.0,961.125,1560.375,0.0,0.0,0.0,0.0,0.0,2.0,2.0,1.0,7.0,34.0,2.0,1.0,200.0,225.0,130.0,58.0,300.0,57.0,62.0,120.0530035335689,20.0,1
62,Soldier Mountain Ski Area,Idaho,3116.5625,1400.0,1560.375,0.0,0.0,0.0,0.0,0.0,0.0,2.0,1.0,3.0,36.0,0.0,0.4,200.0,174.87323943661968,115.10394265232976,71.0,185.31645569620247,43.0,43.0,120.0530035335689,0.0,2
63,Sun Valley,Idaho,3121.25,964.5,1560.375,0.0,0.0,0.0,0.0,0.0,1.0,2.0,3.0,7.0,34.0,2.0,1.0,200.0,132.5,115.10394265232976,58.0,220.0,57.91695652173913,64.16681003584229,137.0,0.0,2
64,Tamarack Resort,Idaho,3116.5625,962.25,1560.375,0.0,0.0,0.0,0.0,0.0,0.0,0.0,2.0,6.0,48.0,3.0,1.5,200.0,200.0,115.10394265232976,58.0,300.0,71.0,71.0,150.0,0.0,2
65,Chestnut Mountain Resort,Illinois,1040.0,475.0,565.0,0.0,0.0,0.0,0.0,0.0,1.0,0.0,3.0,9.0,22.0,3.0,0.2,139.0,139.0,87.0,60.0,50.0,40.0,55.0,112.0,27.0,0
66,Four Lakes,Illinois,500.0,100.0,400.0,0.0,0.0,0.0,0.0,0.0,0.0,0.0,2.0,7.0,7.0,1.0,0.1,9.0,9.0,115.10394265232976,58.0,24.0,57.91695652173913,64.16681003584229,120.0530035335689,9.0,0
67,Ski Snowstar Winter Sports Park,Illinois,790.0,262.0,528.0,0.0,0.0,0.0,0.0,0.0,0.0,2.0,2.0,6.0,15.0,1.0,0.8,28.0,28.0,115.10394265232976,38.0,38.0,57.91695652173913,64.16681003584229,120.0530035335689,28.0,0
68,Villa Olivia,Illinois,500.0,180.0,320.0,0.0,0.0,0.0,0.0,0.0,0.0,0.0,2.0,7.0,7.0,1.0,0.1,15.0,15.0,115.10394265232976,53.0,25.0,40.0,40.0,120.0530035335689,15.0,0
69,Paoli Peaks,Indiana,900.0,300.0,600.0,0.0,0.0,0.0,0.0,0.0,1.0,1.0,2.0,8.0,15.0,2.0,0.4,65.0,65.0,115.10394265232976,41.0,18.0,38.0,45.0,120.0530035335689,65.0,0
70,Perfect North Slopes,Indiana,800.0,400.0,400.0,0.0,0.0,0.0,0.0,0.0,1.0,0.0,2.0,11.0,23.0,2.0,1.0,100.0,100.0,115.10394265232976,39.0,24.0,52.0,52.0,90.0,27.0,0
71,Mt. Crescent Ski Area,Iowa,1500.0,300.0,1200.0,0.0,0.0,0.0,0.0,0.0,0.0,1.0,0.0,2.0,11.0,1.0,0.2,50.0,50.0,115.10394265232976,58.0,30.0,57.91695652173913,39.0,120.0530035335689,50.0,0
72,Seven Oaks,Iowa,975.0,275.0,800.0,0.0,0.0,0.0,0.0,0.0,2.0,0.0,2.0,4.0,11.0,2.0,1.0,35.0,35.0,100.0,58.0,40.0,40.0,40.0,100.0,35.0,0
73,Sundown Mountain,Iowa,1059.0,475.0,584.0,0.0,0.0,0.0,0.0,0.0,1.0,2.0,2.0,6.0,21.0,2.0,0.6,55.0,55.0,115.10394265232976,46.0,45.0,38.0,46.0,120.0530035335689,55.0,0
74,Big Squaw Mountain Ski Resort,Maine,3200.0,660.0,1750.0,0.0,0.0,0.0,0.0,0.0,1.0,0.0,0.0,7.0,29.0,0.0,0.8,200.0,174.87323943661968,115.10394265232976,58.0,185.31645569620247,57.91695652173913,64.16681003584229,120.0530035335689,0.0,2
75,Camden Snow Bowl,Maine,1080.0,850.0,1560.1875,0.0,0.0,0.0,0.0,0.0,1.0,1.0,1.0,3.0,26.0,2.0,1.0,100.0,48.0,115.10394265232976,58.0,69.0,33.0,43.0,120.0530035335689,48.0,0
76,Lost Valley,Maine,495.0,240.0,255.0,0.0,0.0,0.0,0.0,0.0,0.0,2.0,2.0,4.0,22.0,2.0,0.3,45.0,45.0,87.0,58.0,50.0,57.91695652173913,55.0,104.0,45.0,0
77,Mt. Abram Ski Resort,Maine,2250.0,1150.0,1050.0,0.0,0.0,0.0,0.0,0.0,0.0,2.0,3.0,5.0,54.0,1.0,0.5,200.0,175.0,120.0,59.0,125.0,57.91695652173913,49.0,120.0,0.0,2
78,Mt. Jefferson,Maine,753.0,432.0,351.0,0.0,0.0,0.0,0.0,0.0,0.0,0.0,3.0,3.0,10.0,0.0,0.3,12.0,174.87323943661968,115.10394265232976,58.0,185.31645569620247,57.91695652173913,64.16681003584229,120.0530035335689,0.0,0
79,New Hermon Mountain,Maine,450.0,350.0,1560.1875,0.0,0.0,0.0,0.0,0.0,0.0,1.0,2.0,3.0,20.0,0.0,1.9,70.0,70.0,102.0,55.0,90.0,32.0,64.16681003584229,117.0,45.0,0
80,Shawnee Peak,Maine,1900.0,1350.0,600.0,0.0,0.0,0.0,0.0,0.0,2.0,1.0,2.0,6.0,43.0,3.0,0.8,239.0,234.0,97.0,81.0,110.0,55.0,75.0,103.0,27.0,0
81,Sugarloaf,Maine,4237.0,962.25,1417.0,0.0,0.0,0.0,0.0,0.0,1.0,1.0,2.0,7.0,34.0,4.0,1.0,200.0,132.5,115.10394265232976,68.0,200.0,57.91695652173913,64.16681003584229,120.0530035335689,0.0,2
82,Sunday River,Maine,3140.0,961.125,800.0,0.0,0.0,0.0,0.0,0.0,1.0,1.0,1.0,7.0,34.0,2.0,1.0,200.0,131.25,115.10394265232976,60.0,167.0,57.91695652173913,64.16681003584229,120.0530035335689,27.0,2
83,Wisp,Maryland,3115.0,700.0,2415.0,0.0,0.0,0.0,0.0,0.0,1.0,0.0,2.0,12.0,34.0,3.0,1.5,172.0,118.0,121.0,64.0,100.0,59.0,79.0,120.0,27.0,2
84,Berkshire East,Massachusetts,1720.0,1180.0,540.0,0.0,0.0,0.0,0.0,0.0,1.0,1.0,2.0,6.0,47.0,2.0,2.0,180.0,165.0,120.0,68.0,120.0,48.0,68.0,120.0,27.0,0
85,Blandford Ski Area,Massachusetts,1685.0,465.0,1035.0,0.0,0.0,0.0,0.0,0.0,0.0,1.0,2.0,5.0,29.0,2.0,0.5,132.0,70.0,115.10394265232976,58.0,50.0,57.91695652173913,45.0,120.0530035335689,70.0,0
86,Blue Hills Ski Area,Massachusetts,635.0,309.0,326.0,0.0,0.0,0.0,0.0,0.0,0.0,1.0,3.0,4.0,16.0,1.0,1.4332307692307693,60.0,60.0,115.10394265232976,58.0,185.31645569620247,40.0,45.0,120.0530035335689,0.0,0
87,Bousquet Ski Area,Massachusetts,1875.0,750.0,1125.0,0.0,0.0,0.0,0.0,0.0,0.0,1.0,2.0,5.0,23.0,1.0,1.0,200.0,98.0,115.10394265232976,58.0,83.0,57.91695652173913,49.0,120.0530035335689,27.0,0
88,Bradford Ski Area,Massachusetts,1548.0,248.0,1300.0,0.0,0.0,0.0,0.0,0.0,2.0,0.0,2.0,10.0,15.0,1.0,0.3,48.0,48.0,115.10394265232976,71.0,185.31645569620247,37.0,55.0,120.0530035335689,0.0,0
89,Jiminy Peak,Massachusetts,2380.0,1150.0,1230.0,0.0,0.0,0.0,0.0,0.0,1.0,1.0,2.0,9.0,45.0,3.0,2.0,167.0,163.0,121.0,71.0,90.0,81.0,81.0,120.0,27.0,2
90,Nashoba Valley,Massachusetts,440.0,240.0,1560.1875,0.0,0.0,0.0,0.0,0.0,1.0,1.0,2.0,11.0,17.0,2.0,0.5,52.0,52.0,112.0,55.0,55.0,48.0,58.0,126.0,52.0,0
91,Otis Ridge Ski Area,Massachusetts,1700.0,400.0,1300.0,0.0,0.0,0.0,0.0,0.0,0.0,1.0,3.0,4.0,11.0,1.0,1.0,60.0,55.0,106.0,73.0,70.0,57.91695652173913,40.0,106.0,35.0,0
92,Ski Butternut,Massachusetts,1800.0,1000.0,800.0,0.0,0.0,0.0,0.0,0.0,1.0,1.0,2.0,11.0,22.0,2.0,1.5,110.0,110.0,107.0,56.0,115.0,57.91695652173913,60.0,110.0,0.0,0
93,Ski Ward,Massachusetts,420.0,210.0,210.0,0.0,0.0,0.0,0.0,0.0,1.0,0.0,3.0,4.0,11.0,1.0,0.2,45.0,45.0,105.0,50.0,80.0,57.91695652173913,64.16681003584229,120.0,38.0,0
94,Wachusett Mountain Ski Area,Massachusetts,2006.0,1000.0,1006.0,0.0,0.0,0.0,0.0,0.0,1.0,0.0,4.0,8.0,27.0,2.0,1.5,112.0,112.0,115.10394265232976,57.0,100.0,65.0,71.0,120.0,27.0,0
95,Alpine Valley Ski Area,Michigan,500.0,240.0,1560.1875,0.0,0.0,0.0,0.0,0.0,2.0,1.0,2.0,7.0,25.0,3.0,0.2,100.0,100.0,115.10394265232976,57.0,20.0,39.0,47.0,120.0530035335689,27.0,0
96,Apple Mountain,Michigan,820.0,220.0,600.0,0.0,0.0,0.0,0.0,0.0,0.0,0.0,2.0,6.0,12.0,0.0,1.4332307692307693,80.0,42.0,115.10394265232976,58.0,52.0,35.0,64.16681003584229,120.0530035335689,27.0,0
97,Big Powderhorn Mountain,Michigan,1800.0,600.0,1200.0,0.0,0.0,0.0,0.0,0.0,0.0,1.0,1.0,10.0,45.0,2.0,1.0,253.0,228.0,100.0,55.0,214.0,69.0,69.0,108.0,0.0,0
98,Bittersweet Ski Area,Michigan,850.0,350.0,450.0,0.0,0.0,0.0,0.0,0.0,1.0,0.0,4.0,12.0,20.0,2.0,0.2,100.0,100.0,115.10394265232976,36.0,90.0,38.0,48.0,120.0530035335689,27.0,0
99,Big Snow Resort - Blackjack,Michigan,850.0,465.0,385.0,0.0,0.0,0.0,0.0,0.0,0.0,1.0,2.0,6.0,26.0,2.0,1.0,170.0,86.0,95.0,42.0,210.0,49.0,65.0,115.0,0.0,0
100,Boyne Highlands,Michigan,1290.0,552.0,745.0,0.0,0.0,0.0,0.0,0.0,1.0,0.0,2.0,10.0,55.0,4.0,1.2,435.0,131.25,97.0,56.0,140.0,78.0,64.16681003584229,120.0,27.0,0
101,Boyne Mountain Resort,Michigan,1120.0,500.0,620.0,0.0,0.0,0.0,0.0,0.0,1.0,2.0,2.0,12.0,60.0,2.0,1.0,415.0,131.25,122.0,71.0,140.0,57.91695652173913,64.16681003584229,130.0,27.0,0
102,Caberfae Peaks,Michigan,1569.0,485.0,1060.0,0.0,0.0,0.0,0.0,0.0,2.0,1.0,1.0,5.0,34.0,2.0,1.2,200.0,200.0,118.0,58.0,140.0,39.0,49.0,130.0,27.0,0
103,Cannonsburg,Michigan,1100.0,250.0,850.0,0.0,0.0,0.0,0.0,0.0,1.0,1.0,2.0,10.0,21.0,2.0,0.1,100.0,174.87323943661968,100.0,54.0,100.0,57.91695652173913,64.16681003584229,100.0,0.0,0
104,Crystal Mountain,Michigan,1132.0,375.0,757.0,0.0,0.0,0.0,0.0,0.0,2.0,0.0,2.0,8.0,58.0,3.0,0.3,102.0,96.0,120.0,63.0,132.0,54.0,64.0,135.0,56.0,0
105,Big Snow Resort - Indianhead Mountain,Michigan,1935.0,638.0,1297.0,0.0,0.0,0.0,0.0,0.0,1.0,1.0,2.0,9.0,32.0,2.0,1.0,240.0,150.0,120.0,60.0,204.0,49.0,49.0,120.0,0.0,0
106,Marquette Mountain,Michigan,1357.0,600.0,757.0,0.0,0.0,0.0,0.0,0.0,1.0,2.0,1.0,4.0,35.0,3.0,0.7,169.0,143.0,139.0,60.0,210.0,57.91695652173913,64.16681003584229,135.0,27.0,0
107,Mont Ripley,Michigan,1140.0,440.0,700.0,0.0,0.0,0.0,0.0,0.0,0.0,2.0,2.0,4.0,25.0,2.0,0.8,112.0,112.0,114.0,58.0,275.0,49.0,49.0,100.0,27.0,0
108,Mount Bohemia,Michigan,1500.0,900.0,600.0,0.0,0.0,0.0,0.0,0.0,1.0,1.0,0.0,2.0,48.214723926380366,0.0,1.0,585.0,174.87323943661968,115.10394265232976,58.0,273.0,68.0,68.0,100.0,0.0,0
109,Mt. Brighton,Michigan,1330.0,230.0,1100.0,0.0,0.0,0.0,0.0,0.0,1.0,0.0,2.0,7.0,25.0,2.0,0.1,130.0,130.0,111.0,59.0,60.0,52.0,59.0,100.0,27.0,0
110,Mt. Holiday Ski Area,Michigan,440.0,200.0,240.0,0.0,0.0,0.0,0.0,0.0,0.0,2.0,2.0,4.0,12.0,0.0,0.1,45.0,45.0,100.0,70.0,120.0,57.91695652173913,64.16681003584229,90.0,45.0,0
111,Mount Holly,Michigan,1105.0,350.0,755.0,0.0,0.0,0.0,0.0,0.0,1.0,1.0,2.0,7.0,19.0,0.0,0.1,100.0,100.0,115.10394265232976,63.0,42.0,37.0,45.0,102.0,27.0,0
112,Mulligan's Hollow Ski Bowl,Michigan,700.0,130.0,570.0,0.0,0.0,0.0,0.0,0.0,0.0,0.0,2.0,5.0,6.0,0.0,0.2,10.0,10.0,115.10394265232976,58.0,60.0,57.91695652173913,64.16681003584229,120.0530035335689,10.0,0
113,Norway Mountain,Michigan,1335.0,500.0,835.0,0.0,0.0,0.0,0.0,0.0,1.0,2.0,3.0,6.0,17.0,1.0,1.4,186.0,186.0,110.0,45.0,100.0,57.91695652173913,45.0,110.0,40.0,0
114,Nubs Nob Ski Area,Michigan,1338.0,427.0,911.0,0.0,0.0,0.0,0.0,0.0,1.0,2.0,1.0,10.0,53.0,3.0,0.9,248.0,248.0,133.0,61.0,135.0,65.0,85.0,130.0,27.0,0
115,Pine Knob Ski Resort,Michigan,1308.0,300.0,1009.0,0.0,0.0,0.0,0.0,0.0,0.0,0.0,2.0,6.0,14.0,3.0,1.0,80.0,80.0,115.10394265232976,58.0,185.31645569620247,49.0,57.0,120.0530035335689,0.0,0
116,Pine Mountain,Michigan,1650.0,500.0,1150.0,0.0,0.0,0.0,0.0,0.0,1.0,2.0,1.0,4.0,28.0,1.0,0.5,160.0,160.0,110.0,80.0,60.0,57.91695652173913,45.0,126.0,27.0,0
117,Schuss Mountain at Shanty Creek,Michigan,1125.0,450.0,675.0,0.0,0.0,0.0,0.0,0.0,0.0,0.0,3.0,8.0,42.0,3.0,1.0,70.0,70.0,94.0,57.0,160.0,58.0,78.0,111.0,70.0,0
118,Ski Brule,Michigan,1860.0,500.0,1360.0,0.0,0.0,0.0,0.0,0.0,0.0,1.0,2.0,12.0,17.0,3.0,1.0,150.0,150.0,115.10394265232976,62.0,150.0,49.0,49.0,120.0530035335689,40.0,0
119,Snow Snake Mountain Ski Area,Michigan,1230.0,210.0,1020.0,0.0,0.0,0.0,0.0,0.0,1.0,0.0,2.0,6.0,12.0,2.0,0.0,40.0,40.0,115.10394265232976,72.0,185.31645569620247,57.91695652173913,64.16681003584229,120.0530035335689,40.0,0
120,Swiss Valley,Michigan,1200.0,225.0,975.0,0.0,0.0,0.0,0.0,0.0,1.0,0.0,4.0,7.0,11.0,2.0,0.1,60.0,60.0,89.0,51.0,60.0,32.0,42.0,120.0530035335689,60.0,0
121,The Homestead,Michigan,900.0,320.0,580.0,0.0,0.0,0.0,0.0,0.0,2.0,1.0,2.0,5.0,15.0,1.0,0.2,16.0,16.0,115.10394265232976,58.0,150.0,50.0,50.0,120.0530035335689,16.0,0
122,Timber Ridge,Michigan,850.0,250.0,600.0,0.0,0.0,0.0,0.0,0.0,1.0,2.0,4.0,8.0,16.0,2.0,0.3,50.0,50.0,115.10394265232976,58.0,185.31645569620247,35.0,45.0,120.0530035335689,50.0,0
123,Treetops Resort,Michigan,1345.0,225.0,1120.0,0.0,0.0,0.0,0.0,0.0,1.0,0.0,2.0,5.0,23.0,3.0,0.2,80.0,80.0,115.10394265232976,65.0,175.0,57.91695652173913,64.16681003584229,101.0,27.0,0
124,Afton Alps,Minnesota,1530.0,350.0,1180.0,0.0,0.0,0.0,0.0,0.0,1.0,1.0,4.0,7.0,48.0,2.0,0.5,250.0,250.0,135.0,56.0,60.0,55.0,60.0,135.0,27.0,0
125,Andes Tower Hills Ski Area,Minnesota,1620.0,290.0,1330.0,0.0,0.0,0.0,0.0,0.0,2.0,0.0,3.0,6.0,15.0,2.0,0.2,35.0,35.0,100.0,38.0,55.0,45.0,45.0,110.0,35.0,0
126,Buck Hill,Minnesota,1225.0,309.0,919.0,0.0,0.0,0.0,0.0,0.0,1.0,0.0,2.0,8.0,16.0,0.0,0.2,45.0,45.0,115.0,65.0,60.0,34.0,47.0,112.0,45.0,0
127,Buena Vista Ski Area,Minnesota,1510.0,230.0,1280.0,0.0,0.0,0.0,0.0,0.0,2.0,2.0,2.0,6.0,17.0,0.0,0.3,30.0,30.0,115.10394265232976,70.0,78.0,44.0,44.0,120.0530035335689,30.0,0
128,Coffee Mill Ski & Snowboard Resort,Minnesota,1150.0,425.0,725.0,0.0,0.0,0.0,0.0,0.0,0.0,2.0,1.0,3.0,14.0,1.0,1.0,40.0,35.0,115.10394265232976,39.0,48.0,57.91695652173913,64.16681003584229,120.0530035335689,35.0,0
129,Elm Creek Winter Recreation Area,Minnesota,928.0,60.0,868.0,0.0,0.0,0.0,0.0,0.0,0.0,0.0,3.0,3.0,3.0,0.0,1.0,15.0,20.0,105.0,58.0,45.0,57.91695652173913,64.16681003584229,102.0,15.0,0
130,Giants Ridge Resort,Minnesota,1972.0,500.0,1472.0,0.0,0.0,0.0,0.0,0.0,1.0,2.0,2.0,7.0,35.0,2.0,0.8,202.0,202.0,120.0,35.0,85.0,49.0,58.0,125.0,27.0,0
131,Hyland Ski & Snowboard Area,Minnesota,1075.0,175.0,900.0,0.0,0.0,0.0,0.0,0.0,1.0,0.0,2.0,8.0,14.0,1.0,1.0,35.0,35.0,110.0,61.0,55.0,35.34,64.16681003584229,115.0,35.0,0
132,Lutsen Mountains,Minnesota,1688.0,825.0,800.0,0.0,0.0,0.0,0.0,0.0,1.0,1.0,1.0,8.0,62.0,2.0,2.0,393.0,231.0,135.0,71.0,120.0,84.0,84.0,127.0,0.0,0
133,Mount Kato Ski Area,Minnesota,540.0,240.0,300.0,0.0,0.0,0.0,0.0,0.0,0.0,1.0,2.0,10.0,19.0,4.0,1.0,55.0,55.0,115.0,43.0,50.0,34.0,46.0,120.0,50.0,0
134,Powder Ridge Ski Area,Minnesota,790.0,300.0,500.0,0.0,0.0,0.0,0.0,0.0,0.0,2.0,3.0,6.0,15.0,4.0,1.4332307692307693,60.0,60.0,97.0,58.0,45.0,36.0,48.0,113.0,60.0,0
135,Spirit Mountain,Minnesota,1320.0,700.0,620.0,0.0,0.0,0.0,0.0,0.0,2.0,1.0,2.0,7.0,22.0,3.0,1.0,175.0,175.0,100.0,45.0,100.0,59.0,59.0,125.0,27.0,0
136,Welch Village,Minnesota,1060.0,360.0,700.0,0.0,0.0,0.0,0.0,0.0,1.0,1.0,2.0,10.0,50.0,1.0,0.8,125.0,125.0,114.0,54.0,45.0,54.0,60.0,122.0,27.0,0
137,Wild Mountain Ski & Snowboard Area,Minnesota,1113.0,300.0,813.0,0.0,0.0,0.0,0.0,0.0,0.0,0.0,4.0,8.0,26.0,4.0,0.9,100.0,100.0,130.0,47.0,50.0,55.0,55.0,140.0,27.0,0
138,Hidden Valley Ski Area,Missouri,2566.0,310.0,2316.0,0.0,0.0,0.0,0.0,0.0,2.0,0.0,3.0,7.0,17.0,0.0,0.1,30.0,30.0,115.10394265232976,37.0,26.0,49.0,49.0,120.0530035335689,17.0,2
139,Snow Creek,Missouri,1100.0,300.0,800.0,0.0,0.0,0.0,0.0,0.0,2.0,1.0,2.0,5.0,14.0,2.0,0.3,30.0,30.0,115.10394265232976,58.0,20.0,37.0,47.0,120.0530035335689,30.0,0
140,Big Sky Resort,Montana,3127.5,964.5,1560.75,0.0,0.0,0.0,0.0,0.0,1.0,1.0,2.0,7.0,34.0,2.0,1.0,200.0,131.25,144.0,46.0,157.0,57.91695652173913,64.16681003584229,144.0,0.0,2
141,Blacktail Mountain Ski Area,Montana,3116.5625,1440.0,1560.375,0.0,0.0,0.0,0.0,0.0,1.0,2.0,1.0,4.0,27.0,0.0,0.7,200.0,174.87323943661968,115.10394265232976,58.0,250.0,42.0,42.0,120.0530035335689,0.0,2
142,Bridger Bowl,Montana,3118.125,962.25,1560.75,0.0,0.0,0.0,0.0,0.0,1.0,1.0,3.0,11.0,34.0,2.0,1.5,200.0,100.0,122.0,64.0,156.5,63.0,63.0,133.0,0.0,2
143,Discovery Ski Area,Montana,3118.125,962.25,1560.375,0.0,0.0,0.0,0.0,0.0,1.0,2.0,1.0,8.0,34.0,1.0,1.5,200.0,25.0,116.0,46.0,225.0,49.0,49.0,116.0,0.0,2
144,Great Divide,Montana,3116.5625,1580.0,1560.375,0.0,0.0,0.0,0.0,0.0,0.0,1.0,1.0,6.0,34.0,2.0,1.0,200.0,150.0,94.0,78.0,180.0,48.0,48.0,100.0,27.0,2
145,Lost Trail - Powder Mtn,Montana,3118.125,1800.0,1560.75,0.0,0.0,0.0,0.0,0.0,0.0,1.0,3.0,8.0,34.0,2.0,1.0,200.0,174.87323943661968,84.0,81.0,156.25,46.0,46.0,120.0530035335689,0.0,2
146,Maverick Mountain,Montana,3118.125,960.5625,1560.75,0.0,0.0,0.0,0.0,0.0,0.0,1.0,1.0,2.0,22.0,0.0,1.3,255.0,174.87323943661968,115.10394265232976,58.0,160.0,39.0,39.0,120.0530035335689,0.0,2
147,Montana Snowbowl,Montana,3116.5625,962.25,1560.375,0.0,0.0,0.0,0.0,0.0,0.0,2.0,2.0,4.0,37.0,0.0,1.2,200.0,20.0,115.10394265232976,58.0,300.0,50.0,50.0,120.0530035335689,10.0,2
148,Red Lodge Mountain,Montana,3121.25,962.25,1560.75,0.0,0.0,0.0,0.0,0.0,1.0,1.0,1.0,7.0,34.0,2.0,1.0,200.0,131.25,142.0,59.0,250.0,67.0,67.0,136.0,0.0,2
149,Showdown Montana,Montana,3118.125,1400.0,1560.75,0.0,0.0,0.0,0.0,0.0,1.0,2.0,1.0,4.0,36.0,1.0,1.8,200.0,174.87323943661968,86.0,58.0,250.0,47.0,47.0,120.0530035335689,0.0,2
150,Teton Pass Ski Resort,Montana,3116.5625,1010.0,1560.75,0.0,0.0,0.0,0.0,0.0,0.0,1.0,2.0,3.0,43.0,1.0,1.0,330.0,174.87323943661968,115.10394265232976,54.0,250.0,39.0,39.0,150.0,0.0,2
151,Whitefish Mountain Resort,Montana,3116.5625,962.25,1560.375,0.0,0.0,0.0,0.0,0.0,1.0,0.0,3.0,7.0,34.0,4.0,1.0,200.0,131.25,123.0,72.0,156.25,81.0,81.0,123.0,27.0,2
152,Diamond Peak,Nevada,3118.125,1840.0,1560.75,0.0,0.0,0.0,0.0,0.0,0.0,1.0,1.0,7.0,30.0,3.0,1.0,200.0,131.25,100.0,53.0,300.0,57.91695652173913,64.16681003584229,122.0,0.0,2
153,Elko SnoBowl,Nevada,3116.5625,700.0,1560.75,0.0,0.0,0.0,0.0,0.0,0.0,1.0,1.0,2.0,10.0,0.0,1.0,60.0,2.0,115.10394265232976,58.0,24.0,57.91695652173913,64.16681003584229,120.0530035335689,0.0,2
154,Lee Canyon,Nevada,3127.5,860.0,1561.5,0.0,0.0,0.0,0.0,0.0,1.0,0.0,0.0,3.0,24.0,1.0,0.3,195.0,50.0,144.0,56.0,161.0,70.0,70.0,150.0,0.0,2
155,Mt. Rose - Ski Tahoe,Nevada,3121.25,1800.0,1561.5,0.0,0.0,0.0,0.0,0.0,2.0,0.0,2.0,8.0,65.0,2.0,1.0,200.0,130.625,115.10394265232976,55.0,156.5,57.91695652173913,64.16681003584229,150.0,0.0,2
156,Attitash,New Hampshire,2350.0,1750.0,600.0,0.0,0.0,0.0,0.0,0.0,1.0,2.0,1.0,9.0,34.0,3.0,1.0,311.0,240.0,115.0,54.0,120.0,79.0,89.0,130.0,0.0,2
157,Black Mountain,New Hampshire,2350.0,1100.0,1250.0,0.0,0.0,0.0,0.0,0.0,1.0,1.0,3.0,5.0,45.0,0.0,1.6,143.0,120.0,110.0,58.0,125.0,45.0,59.0,107.0,0.0,2
158,Bretton Woods,New Hampshire,3100.0,1500.0,1600.0,0.0,0.0,0.0,0.0,0.0,1.0,0.0,3.0,9.0,63.0,2.0,2.0,464.0,131.25,115.10394265232976,46.0,200.0,57.91695652173913,64.16681003584229,120.0530035335689,45.0,2
159,Cannon Mountain,New Hampshire,4080.0,961.125,1900.0,0.0,0.0,0.0,0.0,0.0,1.0,1.0,3.0,11.0,34.0,3.0,1.0,285.0,192.0,124.0,81.0,160.0,79.0,79.0,143.0,0.0,2
160,Cranmore Mountain Resort,New Hampshire,2000.0,1200.0,600.0,0.0,0.0,0.0,0.0,0.0,2.0,1.0,2.0,7.0,57.0,4.0,1.0,200.0,192.0,107.0,58.0,150.0,57.91695652173913,64.16681003584229,128.0,0.0,0
161,Crotched Mountain,New Hampshire,2066.0,1016.0,1050.0,0.0,0.0,0.0,0.0,0.0,1.0,1.0,1.0,5.0,25.0,3.0,1.2,100.0,100.0,105.0,58.0,105.0,55.0,69.0,100.0,27.0,0
162,Dartmouth Skiway,New Hampshire,1943.0,969.0,974.0,0.0,0.0,0.0,0.0,0.0,0.0,1.0,2.0,4.0,28.0,1.0,1.1,107.0,54.0,104.0,63.0,100.0,50.0,50.0,105.0,0.0,0
163,Gunstock,New Hampshire,2300.0,1400.0,900.0,0.0,0.0,0.0,0.0,0.0,2.0,0.0,1.0,6.0,55.0,4.0,1.5,227.0,176.0,106.0,58.0,120.0,80.0,64.16681003584229,120.0530035335689,60.0,2
164,King Pine,New Hampshire,850.0,350.0,500.0,0.0,0.0,0.0,0.0,0.0,1.0,0.0,3.0,6.0,17.0,2.0,0.3,48.0,45.0,105.0,57.0,120.0,42.0,58.0,107.0,23.0,0
165,Loon Mountain,New Hampshire,3050.0,960.5625,950.0,0.0,0.0,0.0,0.0,0.0,1.0,1.0,2.0,11.0,61.0,2.0,1.0,370.0,130.625,115.10394265232976,53.0,160.0,57.91695652173913,64.16681003584229,144.0,0.0,2
166,Mount Sunapee,New Hampshire,2743.0,1510.0,1233.0,0.0,0.0,0.0,0.0,0.0,2.0,1.0,4.0,10.0,34.0,4.0,0.8,232.0,215.0,130.0,71.0,100.0,83.0,64.16681003584229,136.0,0.0,2
167,Pats Peak,New Hampshire,1460.0,770.0,690.0,0.0,0.0,0.0,0.0,0.0,1.0,2.0,2.0,11.0,28.0,3.0,1.5,115.0,115.0,109.0,56.0,100.0,58.0,72.0,112.0,27.0,0
168,Ragged Mountain Resort,New Hampshire,2250.0,1250.0,1000.0,0.0,0.0,0.0,0.0,0.0,1.0,0.0,3.0,6.0,57.0,3.0,0.7,250.0,200.0,115.10394265232976,54.0,100.0,74.0,84.0,140.0,0.0,2
169,Waterville Valley,New Hampshire,4004.0,960.5625,1984.0,0.0,0.0,0.0,0.0,0.0,2.0,1.0,4.0,11.0,62.0,4.0,1.9,265.0,220.0,142.0,54.0,148.0,79.0,64.16681003584229,142.0,0.0,2
170,Whaleback Mountain,New Hampshire,1800.0,700.0,1100.0,0.0,0.0,0.0,0.0,0.0,0.0,1.0,3.0,4.0,30.0,1.0,1.0,85.0,60.0,105.0,64.0,110.0,57.91695652173913,45.0,105.0,55.0,0
171,Wildcat Mountain,New Hampshire,4062.0,961.125,1950.0,0.0,0.0,0.0,0.0,0.0,1.0,0.0,1.0,5.0,48.0,0.0,1.0,225.0,200.0,115.10394265232976,61.0,200.0,79.0,89.0,150.0,0.0,2
172,Campgaw Mountain,New Jersey,726.0,274.0,450.0,0.0,0.0,0.0,0.0,0.0,0.0,2.0,3.0,5.0,12.0,1.0,0.3,23.0,23.0,115.10394265232976,58.0,45.0,57.91695652173913,64.16681003584229,120.0530035335689,14.0,0
173,Mountain Creek Resort,New Jersey,1480.0,1040.0,440.0,0.0,0.0,0.0,0.0,0.0,1.0,1.0,3.0,10.0,46.0,3.0,2.0,167.0,167.0,90.0,54.0,65.0,79.99,79.99,100.0,27.0,0
174,Angel Fire Resort,New Mexico,3127.5,960.5625,1561.5,0.0,0.0,0.0,0.0,0.0,0.0,1.0,2.0,7.0,34.0,3.0,1.0,560.0,230.0,101.0,53.0,210.0,77.0,77.0,101.0,50.0,2
175,Enchanted Forest Ski Area,New Mexico,3121.25,400.0,1561.5,0.0,0.0,0.0,0.0,0.0,0.0,0.0,0.0,7.0,33.0,0.0,1.0,200.0,174.87323943661968,130.0,58.0,240.0,57.91695652173913,64.16681003584229,140.0,0.0,2
176,Pajarito Mountain Ski Area,New Mexico,3121.25,1410.0,1561.5,0.0,0.0,0.0,0.0,0.0,1.0,1.0,1.0,6.0,45.0,2.0,0.6,200.0,35.0,89.0,62.0,163.0,49.0,49.0,117.0,0.0,2
177,Red River,New Mexico,3121.25,1600.0,1561.5,0.0,0.0,0.0,0.0,0.0,1.0,1.0,2.0,7.0,63.0,3.0,1.0,209.0,174.87323943661968,110.0,60.0,214.0,79.0,79.0,120.0530035335689,0.0,2
178,Sandia Peak,New Mexico,3121.25,1700.0,1561.5,0.0,0.0,0.0,0.0,0.0,0.0,1.0,1.0,5.0,39.0,1.0,2.0,200.0,30.0,115.10394265232976,58.0,100.0,55.0,55.0,120.0530035335689,0.0,2
179,Sipapu Ski Resort,New Mexico,3121.25,1055.0,1561.5,0.0,0.0,0.0,0.0,0.0,2.0,0.0,3.0,6.0,42.0,4.0,0.5,200.0,140.0,127.0,67.0,190.0,47.0,47.0,143.0,0.0,2
180,Ski Apache,New Mexico,3127.5,1900.0,1561.5,0.0,0.0,0.0,0.0,0.0,1.0,0.0,2.0,11.0,55.0,3.0,2.0,200.0,130.3125,133.0,58.0,185.0,74.0,74.0,124.0,0.0,2
181,Ski Santa Fe,New Mexico,3127.5,1725.0,1561.5,0.0,0.0,0.0,0.0,0.0,2.0,2.0,2.0,7.0,34.0,1.0,1.0,200.0,130.3125,107.0,73.0,225.0,80.0,80.0,130.0,0.0,2
182,Taos Ski Valley,New Mexico,3127.5,964.5,1561.5,0.0,0.0,0.0,0.0,0.0,1.0,1.0,4.0,7.0,34.0,1.0,1.0,200.0,132.5,137.0,64.0,300.0,57.91695652173913,64.16681003584229,136.0,0.0,2
183,Belleayre,New York,3429.0,1404.0,2025.0,0.0,0.0,0.0,0.0,0.0,1.0,2.0,2.0,8.0,50.0,2.0,1.0,175.0,168.0,115.10394265232976,70.0,130.0,60.0,72.0,150.0,0.0,2
184,Brantling Ski Slopes,New York,850.0,250.0,600.0,0.0,0.0,0.0,0.0,0.0,0.0,0.0,2.0,5.0,10.0,0.0,0.1,20.0,16.0,115.10394265232976,58.0,110.0,32.0,64.16681003584229,120.0530035335689,0.0,0
185,Bristol Mountain,New York,2200.0,1200.0,1000.0,0.0,0.0,0.0,0.0,0.0,1.0,1.0,1.0,6.0,34.0,3.0,2.0,160.0,148.0,129.0,55.0,60.0,65.0,76.0,129.0,27.0,2
186,Buffalo Ski Club Ski Area,New York,3429.0,500.0,2025.0,0.0,0.0,0.0,0.0,0.0,0.0,2.0,4.0,6.0,43.0,1.0,1.4332307692307693,225.0,150.0,115.10394265232976,58.0,185.31645569620247,35.0,50.0,120.0530035335689,27.0,2
187,Catamount,New York,2000.0,1000.0,1000.0,0.0,0.0,0.0,0.0,0.0,1.0,2.0,3.0,7.0,36.0,2.0,2.0,133.0,130.0,100.0,80.0,108.0,38.0,69.0,90.0,55.0,0
188,Dry Hill Ski Area,New York,950.0,300.0,650.0,0.0,0.0,0.0,0.0,0.0,0.0,1.0,2.0,3.0,7.0,1.0,0.2,35.0,26.0,115.10394265232976,55.0,125.0,57.91695652173913,64.16681003584229,120.0530035335689,26.0,0
189,Gore Mountain,New York,3600.0,962.25,998.0,0.0,0.0,0.0,0.0,0.0,1.0,2.0,4.0,7.0,34.0,2.0,1.0,439.0,130.625,142.0,55.0,150.0,80.0,88.0,120.0530035335689,15.0,2
190,Greek Peak,New York,2100.0,952.0,1148.0,0.0,0.0,0.0,0.0,0.0,1.0,1.0,2.0,8.0,56.0,4.0,1.5,220.0,184.0,110.0,62.0,122.0,49.0,63.2,113.0,27.0,0
191,Holiday Mountain,New York,1550.0,400.0,1150.0,0.0,0.0,0.0,0.0,0.0,0.0,1.0,2.0,4.0,9.0,0.0,0.4,37.0,37.0,115.10394265232976,60.0,50.0,57.91695652173913,42.0,120.0530035335689,37.0,0
192,Holiday Valley,New York,2250.0,750.0,1500.0,0.0,0.0,0.0,0.0,0.0,0.0,0.0,2.0,7.0,60.0,2.0,1.0,290.0,130.3125,116.0,62.0,180.0,65.0,78.0,129.0,27.0,2
193,Holimont Ski Area,New York,2260.0,700.0,1560.0,0.0,0.0,0.0,0.0,0.0,2.0,1.0,1.0,8.0,53.0,3.0,1.5,135.0,135.0,110.0,57.0,180.0,62.0,75.0,119.0,0.0,2
194,Hunt Hollow Ski Club,New York,2030.0,825.0,1000.0,0.0,0.0,0.0,0.0,0.0,1.0,1.0,1.0,3.0,19.0,1.0,1.0,400.0,131.25,115.10394265232976,52.0,130.0,48.0,58.0,120.0530035335689,27.0,0
195,Hunter Mountain,New York,3200.0,1600.0,1600.0,0.0,0.0,0.0,0.0,0.0,2.0,2.0,4.0,7.0,34.0,4.0,2.0,320.0,130.625,115.10394265232976,59.0,120.0,79.0,89.0,120.0530035335689,0.0,2
196,Kissing Bridge,New York,1700.0,550.0,1150.0,0.0,0.0,0.0,0.0,0.0,1.0,1.0,3.0,10.0,39.0,2.0,0.5,200.0,131.25,103.0,59.0,120.0,40.0,60.0,100.0,27.0,0
197,Labrador Mt.,New York,1825.0,700.0,1125.0,0.0,0.0,0.0,0.0,0.0,1.0,2.0,1.0,4.0,23.0,1.0,1.0,250.0,237.0,115.10394265232976,62.0,125.0,59.0,59.0,100.0,27.0,0
198,Maple Ski Ridge,New York,1200.0,450.0,750.0,0.0,0.0,0.0,0.0,0.0,1.0,1.0,1.0,3.0,10.0,0.0,0.3,25.0,25.0,115.10394265232976,57.0,185.31645569620247,57.91695652173913,64.16681003584229,120.0530035335689,20.0,0
199,McCauley Mountain Ski Center,New York,2250.0,633.0,1563.0,0.0,0.0,0.0,0.0,0.0,0.0,1.0,4.0,5.0,23.0,1.0,0.3,70.0,55.0,105.0,61.0,200.0,57.91695652173913,64.16681003584229,105.0,0.0,2
200,Mount Peter Ski Area,New York,1250.0,450.0,750.0,0.0,0.0,0.0,0.0,0.0,0.0,2.0,2.0,5.0,14.0,1.0,1.0,69.0,69.0,100.0,58.0,50.0,35.0,54.0,100.0,69.0,0
201,Oak Mountain,New York,2400.0,650.0,1750.0,0.0,0.0,0.0,0.0,0.0,0.0,0.0,3.0,4.0,22.0,1.0,1.2,46.0,18.0,115.10394265232976,71.0,120.0,40.0,40.0,120.0530035335689,12.0,2
202,Peek'n Peak,New York,1800.0,400.0,1400.0,0.0,0.0,0.0,0.0,0.0,1.0,0.0,2.0,10.0,27.0,4.0,1.0,110.0,110.0,110.0,55.0,225.0,49.0,63.0,120.0530035335689,27.0,0
203,Plattekill Mountain,New York,3500.0,1100.0,2400.0,0.0,0.0,0.0,0.0,0.0,1.0,1.0,2.0,4.0,38.0,1.0,2.0,110.0,75.0,115.10394265232976,58.0,175.0,50.0,67.0,120.0530035335689,0.0,2
204,Royal Mountain Ski Area,New York,1800.0,550.0,1250.0,0.0,0.0,0.0,0.0,0.0,0.0,1.0,0.0,3.0,14.0,0.0,0.3,35.0,28.0,115.10394265232976,63.0,90.0,45.0,45.0,120.0530035335689,0.0,0
205,Snow Ridge,New York,2000.0,650.0,1350.0,0.0,0.0,0.0,0.0,0.0,0.0,1.0,2.0,6.0,21.0,2.0,0.8,130.0,65.0,115.10394265232976,74.0,230.0,38.0,48.0,100.0,40.0,0
206,Song Mountain,New York,1940.0,700.0,1240.0,0.0,0.0,0.0,0.0,0.0,1.0,1.0,3.0,5.0,24.0,0.0,0.4,93.0,70.0,90.0,55.0,125.0,59.0,59.0,122.0,70.0,0
207,Swain,New York,1970.0,650.0,1320.0,0.0,0.0,0.0,0.0,0.0,0.0,1.0,1.0,5.0,35.0,3.0,1.0,130.0,90.0,102.0,72.0,120.0,49.0,59.0,100.0,27.0,0
208,Thunder Ridge,New York,1270.0,500.0,770.0,0.0,0.0,0.0,0.0,0.0,1.0,2.0,3.0,6.0,30.0,0.0,0.4,100.0,100.0,121.0,60.0,185.31645569620247,57.91695652173913,57.0,121.0,27.0,0
209,Titus Mountain,New York,2025.0,1200.0,825.0,0.0,0.0,0.0,0.0,0.0,2.0,1.0,2.0,10.0,50.0,3.0,2.0,200.0,150.0,101.0,59.0,150.0,39.0,49.0,100.0,70.0,0
210,Toggenburg Mountain,New York,2000.0,700.0,1300.0,0.0,0.0,0.0,0.0,0.0,1.0,1.0,3.0,5.0,22.0,2.0,0.4,85.0,174.87323943661968,115.10394265232976,66.0,130.0,55.0,55.0,122.0,73.0,0
211,West Mountain,New York,1470.0,1010.0,460.0,0.0,0.0,0.0,0.0,0.0,1.0,2.0,2.0,5.0,29.0,1.0,0.6,124.0,105.0,115.10394265232976,58.0,80.0,49.0,59.0,120.0,27.0,0
212,Whiteface Mountain Resort,New York,4650.0,964.5,1220.0,0.0,0.0,0.0,0.0,0.0,2.0,1.0,2.0,12.0,34.0,2.0,1.0,288.0,220.0,122.0,61.0,168.0,57.91695652173913,64.16681003584229,141.0,0.0,1
213,Willard Mountain,New York,1415.0,505.0,910.0,0.0,0.0,0.0,0.0,0.0,0.0,2.0,3.0,5.0,16.0,0.0,0.4,50.0,35.0,85.0,58.0,80.0,46.0,46.0,120.0,35.0,0
214,Windham Mountain,New York,3100.0,1600.0,1500.0,0.0,0.0,0.0,0.0,0.0,1.0,1.0,2.0,12.0,54.0,2.0,2.0,285.0,130.625,123.0,59.0,105.0,57.91695652173913,64.16681003584229,130.0,56.0,2
215,Woods Valley Ski Area,New York,1400.0,500.0,900.0,0.0,0.0,0.0,0.0,0.0,0.0,2.0,4.0,6.0,21.0,0.0,0.3,25.0,16.0,115.10394265232976,55.0,180.0,57.91695652173913,39.0,120.0530035335689,15.0,0
216,Appalachian Ski Mountain,North Carolina,4000.0,365.0,1560.1875,0.0,0.0,0.0,0.0,0.0,0.0,1.0,2.0,5.0,12.0,3.0,0.5,27.0,27.0,100.0,57.0,50.0,40.0,64.0,100.0,27.0,2
217,Cataloochee Ski Area,North Carolina,5400.0,740.0,1560.375,0.0,0.0,0.0,0.0,0.0,1.0,1.0,2.0,5.0,18.0,2.0,1.0,50.0,50.0,141.0,58.0,50.0,43.0,70.0,108.0,50.0,1
218,Sapphire Valley,North Carolina,3450.0,200.0,1560.1875,0.0,0.0,0.0,0.0,0.0,0.0,0.0,2.0,3.0,48.214723926380366,1.0,1.0,8.0,8.0,115.10394265232976,55.0,24.0,40.0,43.0,120.0530035335689,8.0,2
219,Beech Mountain Resort,North Carolina,5506.0,830.0,1560.375,0.0,0.0,0.0,0.0,0.0,0.0,1.0,2.0,8.0,17.0,1.0,1.0,95.0,95.0,98.0,52.0,31.0,41.0,68.0,120.0530035335689,27.0,1
220,Sugar Mountain Resort,North Carolina,5300.0,1200.0,1560.375,0.0,0.0,0.0,0.0,0.0,1.0,1.0,2.0,8.0,21.0,1.0,1.5,125.0,125.0,114.0,50.0,77.0,45.0,75.0,120.0,27.0,1
221,Wolf Ridge Ski Resort,North Carolina,4700.0,720.0,1560.1875,0.0,0.0,0.0,0.0,0.0,0.0,1.0,2.0,4.0,15.0,1.0,0.6,65.0,65.0,115.10394265232976,49.0,65.0,42.0,65.0,100.0,60.0,1
222,Alpine Valley,Ohio,1500.0,230.0,1260.0,0.0,0.0,0.0,0.0,0.0,2.0,1.0,1.0,5.0,11.0,1.0,0.2,72.0,72.0,105.0,53.0,120.0,43.0,43.0,120.0530035335689,72.0,0
223,Boston Mills,Ohio,871.0,264.0,631.0,0.0,0.0,0.0,0.0,0.0,1.0,2.0,2.0,8.0,7.0,2.0,0.3,40.0,40.0,92.0,56.0,51.0,44.0,44.0,110.0,40.0,0
224,Brandywine,Ohio,871.0,240.0,631.0,0.0,0.0,0.0,0.0,0.0,1.0,2.0,2.0,7.0,11.0,2.0,0.3,85.0,85.0,92.0,56.0,51.0,44.0,44.0,110.0,27.0,0
225,Mad River Mountain,Ohio,1460.0,300.0,1160.0,0.0,0.0,0.0,0.0,0.0,2.0,1.0,2.0,12.0,20.0,4.0,0.5,144.0,144.0,99.0,57.0,36.0,39.0,44.0,90.0,27.0,0
226,Snow Trails,Ohio,1475.0,301.0,1174.0,0.0,0.0,0.0,0.0,0.0,1.0,2.0,3.0,9.0,17.0,3.0,0.2,80.0,80.0,101.0,58.0,50.0,41.0,52.0,120.0530035335689,27.0,0
227,Anthony Lakes Mountain Resort,Oregon,3118.125,900.0,1560.75,0.0,0.0,0.0,0.0,0.0,1.0,0.0,2.0,3.0,21.0,2.0,1.5,200.0,174.87323943661968,115.10394265232976,56.0,300.0,40.0,40.0,120.0530035335689,0.0,2
228,Cooper Spur,Oregon,4000.0,350.0,1560.1875,0.0,0.0,0.0,0.0,0.0,0.0,1.0,1.0,2.0,10.0,0.0,0.1,50.0,174.87323943661968,115.10394265232976,66.0,100.0,39.0,39.0,90.0,0.0,2
229,Hoodoo Ski Area,Oregon,5703.0,1035.0,1560.375,0.0,0.0,0.0,0.0,0.0,1.0,1.0,0.0,5.0,34.0,0.0,0.4,200.0,174.87323943661968,115.10394265232976,81.0,156.5,59.0,59.0,108.0,27.0,1
230,Mt. Ashland,Oregon,3116.5625,1150.0,1560.75,0.0,0.0,0.0,0.0,0.0,2.0,2.0,1.0,5.0,23.0,2.0,1.0,220.0,174.87323943661968,94.0,55.0,300.0,45.0,52.0,92.0,40.0,2
231,Mt. Bachelor,Oregon,3121.25,964.5,1560.375,0.0,0.0,0.0,0.0,0.0,1.0,0.0,0.0,11.0,34.0,2.0,1.0,200.0,20.0,115.10394265232976,61.0,158.0,57.91695652173913,64.16681003584229,120.0530035335689,0.0,2
232,Mt. Hood Meadows,Oregon,3116.5625,962.25,1560.375,0.0,0.0,0.0,0.0,0.0,0.0,1.0,2.0,7.0,34.0,2.0,1.0,200.0,174.87323943661968,118.0,51.0,158.0,57.91695652173913,64.16681003584229,120.0530035335689,27.0,2
233,Mt. Hood Skibowl,Oregon,5100.0,1500.0,1560.1875,0.0,0.0,0.0,0.0,0.0,0.0,1.0,2.0,9.0,65.0,2.0,1.0,200.0,29.0,125.0,58.0,300.0,70.0,70.0,144.0,27.0,1
234,Spout Springs,Oregon,5500.0,610.0,1560.375,0.0,0.0,0.0,0.0,0.0,0.0,2.0,2.0,4.0,14.0,0.0,0.1,200.0,174.87323943661968,117.0,58.0,118.0,57.91695652173913,64.16681003584229,125.0,27.0,1
235,Timberline Lodge,Oregon,3118.125,964.5,1560.75,0.0,0.0,0.0,0.0,0.0,1.0,1.0,1.0,8.0,41.0,2.0,2.0,200.0,174.87323943661968,115.10394265232976,58.0,158.0,57.91695652173913,64.16681003584229,120.0530035335689,27.0,2
236,Willamette Pass,Oregon,3116.5625,1563.0,1560.375,0.0,0.0,0.0,0.0,0.0,1.0,0.0,1.0,5.0,29.0,0.0,1.0,555.0,60.0,115.10394265232976,78.0,158.0,60.0,60.0,100.0,0.0,2
237,Bear Creek Mountain Resort,Pennsylvania,1100.0,510.0,600.0,0.0,0.0,0.0,0.0,0.0,1.0,0.0,2.0,6.0,23.0,3.0,1.0,86.0,86.0,91.0,52.0,30.0,50.0,60.0,90.0,27.0,0
238,Ski Big Bear,Pennsylvania,1250.0,650.0,600.0,0.0,0.0,0.0,0.0,0.0,0.0,1.0,2.0,6.0,18.0,1.0,1.5,26.0,26.0,115.10394265232976,43.0,69.0,50.0,62.0,120.0530035335689,26.0,0
239,Big Boulder,Pennsylvania,2175.0,600.0,1700.0,0.0,0.0,0.0,0.0,0.0,2.0,1.0,1.0,8.0,16.0,2.0,1.4332307692307693,55.0,55.0,115.10394265232976,72.0,50.0,50.0,65.0,95.0,55.0,2
240,Blue Knob,Pennsylvania,3146.0,1072.0,2074.0,0.0,0.0,0.0,0.0,0.0,2.0,2.0,2.0,6.0,34.0,1.0,2.0,100.0,84.0,87.0,56.0,120.0,43.0,68.0,105.0,42.0,2
241,Blue Mountain Resort,Pennsylvania,1600.0,1082.0,460.0,0.0,0.0,0.0,0.0,0.0,1.0,1.0,2.0,7.0,39.0,2.0,1.2,164.0,164.0,122.0,42.0,33.0,55.0,65.0,112.0,27.0,0
242,Camelback Mountain Resort,Pennsylvania,2100.0,800.0,1250.0,0.0,0.0,0.0,0.0,0.0,1.0,1.0,2.0,7.0,37.0,2.0,1.0,166.0,166.0,100.0,56.0,50.0,55.0,70.0,100.0,27.0,0
243,Eagle Rock,Pennsylvania,1810.0,550.0,1260.0,0.0,0.0,0.0,0.0,0.0,0.0,1.0,0.0,3.0,14.0,1.0,1.0,200.0,174.87323943661968,115.10394265232976,47.0,185.31645569620247,57.91695652173913,64.16681003584229,120.0530035335689,0.0,0
244,Elk Mountain Ski Resort,Pennsylvania,2693.0,1000.0,1693.0,0.0,0.0,0.0,0.0,0.0,0.0,1.0,1.0,7.0,27.0,2.0,0.7,180.0,146.0,115.10394265232976,60.0,60.0,55.0,69.0,100.0,27.0,2
245,Jack Frost,Pennsylvania,2000.0,600.0,1400.0,0.0,0.0,0.0,0.0,0.0,2.0,1.0,1.0,9.0,20.0,1.0,1.0,100.0,100.0,96.0,47.0,50.0,50.0,65.0,105.0,0.0,0
246,Liberty,Pennsylvania,1190.0,620.0,570.0,0.0,0.0,0.0,0.0,0.0,0.0,0.0,3.0,8.0,16.0,3.0,1.0,100.0,100.0,107.0,54.0,31.0,67.0,77.0,97.0,27.0,0
247,Mount Pleasant of Edinboro,Pennsylvania,1540.0,340.0,1200.0,0.0,0.0,0.0,0.0,0.0,1.0,0.0,1.0,2.0,10.0,0.0,0.5,40.0,35.0,115.10394265232976,48.0,100.0,57.91695652173913,64.16681003584229,90.0,35.0,0
248,Roundtop Mountain Resort,Pennsylvania,1400.0,600.0,800.0,0.0,0.0,0.0,0.0,0.0,2.0,0.0,3.0,8.0,20.0,2.0,0.4,103.0,103.0,115.10394265232976,55.0,30.0,63.0,73.0,120.0530035335689,27.0,0
249,Seven Springs,Pennsylvania,2994.0,750.0,2240.0,0.0,0.0,0.0,0.0,0.0,1.0,0.0,4.0,7.0,33.0,2.0,1.2,285.0,130.625,99.0,58.0,135.0,67.0,87.0,115.0,27.0,2
250,Shawnee Mountain Ski Area,Pennsylvania,1350.0,700.0,650.0,0.0,0.0,0.0,0.0,0.0,0.0,1.0,4.0,10.0,23.0,2.0,1.6,125.0,125.0,100.0,44.0,50.0,55.0,65.0,122.0,27.0,0
251,Ski Sawmill,Pennsylvania,2215.0,515.0,1700.0,0.0,0.0,0.0,0.0,0.0,1.0,1.0,3.0,5.0,14.0,1.0,0.1,15.0,13.0,115.10394265232976,50.0,24.0,57.91695652173913,44.0,90.0,15.0,2
252,Montage Mountain,Pennsylvania,1960.0,1000.0,960.0,0.0,0.0,0.0,0.0,0.0,1.0,1.0,2.0,7.0,26.0,1.0,1.2,140.0,140.0,115.10394265232976,35.0,47.0,67.0,64.16681003584229,90.0,27.0,0
253,Spring Mountain Ski Area,Pennsylvania,528.0,450.0,1560.1875,0.0,0.0,0.0,0.0,0.0,1.0,1.0,2.0,6.0,9.0,1.0,0.2,45.0,45.0,100.0,56.0,20.0,57.91695652173913,64.16681003584229,100.0,45.0,0
254,Tussey Mountain,Pennsylvania,1750.0,520.0,1230.0,0.0,0.0,0.0,0.0,0.0,0.0,1.0,3.0,5.0,8.0,1.0,0.3,38.0,30.0,100.0,39.0,41.0,40.0,45.0,100.0,30.0,0
255,Whitetail Resort,Pennsylvania,1800.0,935.0,865.0,0.0,0.0,0.0,0.0,0.0,0.0,2.0,2.0,8.0,23.0,2.0,1.0,120.0,120.0,116.0,58.0,40.0,69.0,71.0,100.0,27.0,0
256,Yawgoo Valley,Rhode Island,315.0,245.0,1560.1875,0.0,0.0,0.0,0.0,0.0,0.0,2.0,2.0,4.0,13.0,1.0,0.2,30.0,30.0,100.0,54.0,40.0,57.91695652173913,64.16681003584229,100.0,30.0,0
257,Deer Mountain Ski Resort,South Dakota,3116.5625,940.0,1560.75,0.0,0.0,0.0,0.0,0.0,1.0,1.0,2.0,4.0,63.0,2.0,1.6,500.0,50.0,115.10394265232976,51.0,200.0,45.0,45.0,120.0530035335689,0.0,2
258,Terry Peak Ski Area,South Dakota,3116.5625,1100.0,1560.375,0.0,0.0,0.0,0.0,0.0,1.0,0.0,1.0,5.0,30.0,1.0,1.2,450.0,225.0,114.0,65.0,150.0,58.0,58.0,120.0,0.0,2
259,Ober Gatlinburg Ski Resort,Tennessee,3300.0,600.0,2700.0,0.0,0.0,0.0,0.0,0.0,0.0,1.0,1.0,4.0,10.0,1.0,1.0,200.0,174.87323943661968,115.10394265232976,44.0,35.0,36.0,65.0,94.0,0.0,2
260,Alta Ski Area,Utah,3127.5,962.25,1561.5,0.0,0.0,0.0,0.0,0.0,1.0,2.0,0.0,6.0,34.0,0.0,1.3,200.0,140.0,115.10394265232976,81.0,158.0,57.91695652173913,64.16681003584229,140.0,0.0,2
261,Beaver Mountain,Utah,3118.125,1600.0,1560.75,0.0,0.0,0.0,0.0,0.0,1.0,1.0,1.0,5.0,48.0,2.0,0.8,464.0,174.87323943661968,120.0,81.0,157.0,50.0,50.0,120.0,0.0,2
262,Brian Head Resort,Utah,3127.5,1548.0,1561.5,0.0,0.0,0.0,0.0,0.0,1.0,1.0,0.0,8.0,34.0,2.0,0.6,200.0,216.0,115.10394265232976,54.0,156.5,42.0,59.0,148.0,0.0,2
263,Brighton Resort,Utah,3121.25,1745.0,1561.5,0.0,0.0,0.0,0.0,0.0,1.0,0.0,2.0,7.0,34.0,4.0,1.2,200.0,200.0,138.0,58.0,158.0,57.91695652173913,85.0,138.0,27.0,2
264,Deer Valley Resort,Utah,3121.25,964.5,1560.75,0.0,0.0,0.0,0.0,0.0,1.0,2.0,0.0,7.0,34.0,0.0,1.0,200.0,132.5,115.10394265232976,39.0,300.0,57.91695652173913,64.16681003584229,120.0530035335689,0.0,2
265,Eagle Point,Utah,3127.5,1500.0,1561.5,0.0,0.0,0.0,0.0,0.0,1.0,2.0,1.0,5.0,40.0,1.0,0.9,200.0,174.87323943661968,115.10394265232976,58.0,157.0,45.0,60.0,109.0,0.0,2
266,Park City,Utah,3121.25,964.5,1560.75,0.0,0.0,0.0,0.0,0.0,1.0,1.0,2.0,7.0,34.0,2.0,1.0,200.0,132.5,142.0,56.0,156.5,57.91695652173913,64.16681003584229,143.0,0.0,2
267,Powder Mountain,Utah,3121.25,962.25,1560.75,0.0,0.0,0.0,0.0,0.0,1.0,0.0,3.0,9.0,34.0,2.0,1.0,200.0,174.87323943661968,120.0,47.0,158.0,57.91695652173913,88.0,146.0,27.0,2
268,Snowbasin,Utah,3121.25,964.5,1560.75,0.0,0.0,0.0,0.0,0.0,1.0,0.0,2.0,11.0,34.0,4.0,1.0,200.0,132.5,143.0,79.0,300.0,57.91695652173913,64.16681003584229,138.0,0.0,2
269,Snowbird,Utah,3127.5,964.5,1560.75,0.0,0.0,0.0,0.0,0.0,0.0,1.0,3.0,7.0,34.0,1.0,1.0,200.0,174.87323943661968,115.10394265232976,48.0,158.0,57.91695652173913,64.16681003584229,120.0530035335689,2.0,2
270,Solitude Mountain Resort,Utah,3121.25,962.25,1561.5,0.0,0.0,0.0,0.0,0.0,1.0,1.0,1.0,9.0,34.0,0.0,1.0,200.0,150.0,115.10394265232976,62.0,158.0,57.91695652173913,64.16681003584229,148.0,0.0,2
271,Sundance,Utah,3118.125,961.125,1560.75,0.0,0.0,0.0,0.0,0.0,2.0,0.0,1.0,5.0,45.0,1.0,0.6,450.0,112.0,128.0,50.0,320.0,80.0,80.0,129.0,0.0,2
272,Nordic Valley Resort,Utah,6400.0,960.0,1560.375,0.0,0.0,0.0,0.0,0.0,0.0,2.0,2.0,4.0,23.0,1.0,0.4,140.0,84.0,105.0,51.0,300.0,45.0,50.0,105.0,27.0,1
273,Bolton Valley,Vermont,3150.0,1704.0,1446.0,0.0,0.0,0.0,0.0,0.0,0.0,1.0,1.0,6.0,34.0,3.0,0.6,300.0,90.0,133.0,53.0,300.0,69.0,79.0,132.0,50.0,2
274,Bromley Mountain,Vermont,3284.0,1334.0,1950.0,0.0,0.0,0.0,0.0,0.0,0.0,1.0,3.0,9.0,47.0,1.0,1.0,178.0,153.0,115.10394265232976,58.0,168.0,57.91695652173913,64.16681003584229,152.0,0.0,2
275,Burke Mountain,Vermont,3267.0,960.5625,1210.0,0.0,0.0,0.0,0.0,0.0,0.0,0.0,3.0,6.0,50.0,3.0,1.0,178.0,125.0,110.0,62.0,217.0,73.0,73.0,125.0,0.0,2
276,Jay Peak,Vermont,3968.0,961.125,1815.0,0.0,0.0,0.0,0.0,0.0,1.0,1.0,2.0,9.0,34.0,2.0,1.0,385.0,130.625,115.10394265232976,64.0,156.5,57.91695652173913,89.0,120.0530035335689,0.0,2
277,Killington Resort,Vermont,4241.0,964.5,1165.0,0.0,0.0,0.0,0.0,0.0,1.0,1.0,2.0,7.0,34.0,2.0,1.0,200.0,131.25,115.10394265232976,61.0,250.0,57.91695652173913,64.16681003584229,120.0530035335689,0.0,2
278,Mad River Glen,Vermont,3637.0,960.5625,1600.0,0.0,0.0,0.0,0.0,0.0,2.0,2.0,1.0,5.0,52.0,0.0,1.0,115.0,16.0,134.0,71.0,228.0,57.91695652173913,64.16681003584229,135.0,0.0,2
279,Magic Mountain,Vermont,2850.0,1500.0,1350.0,0.0,0.0,0.0,0.0,0.0,0.0,1.0,3.0,6.0,50.0,1.0,1.6,205.0,95.0,115.10394265232976,59.0,150.0,74.0,74.0,120.0530035335689,0.0,2
280,Mount Snow,Vermont,3600.0,1700.0,1900.0,0.0,0.0,0.0,0.0,0.0,1.0,1.0,2.0,7.0,34.0,2.0,1.0,200.0,131.25,135.0,65.0,156.0,57.91695652173913,64.16681003584229,135.0,0.0,2
281,Okemo Mountain Resort,Vermont,3344.0,961.125,1144.0,0.0,0.0,0.0,0.0,0.0,1.0,0.0,2.0,7.0,34.0,2.0,1.0,200.0,132.5,146.0,63.0,200.0,57.91695652173913,64.16681003584229,152.0,0.0,2
282,Pico Mountain ,Vermont,3967.0,960.5625,2000.0,0.0,0.0,0.0,0.0,0.0,2.0,2.0,1.0,7.0,59.0,1.0,1.0,260.0,156.0,115.10394265232976,58.0,250.0,81.0,81.0,120.0530035335689,0.0,2
283,Smugglers' Notch Resort,Vermont,3640.0,962.25,1030.0,0.0,0.0,0.0,0.0,0.0,0.0,1.0,2.0,8.0,34.0,2.0,1.0,200.0,192.0,136.0,63.0,280.0,79.0,79.0,135.0,0.0,2
284,Stowe Mountain Resort,Vermont,4395.0,962.25,2035.0,0.0,0.0,0.0,0.0,0.0,2.0,2.0,2.0,12.0,34.0,0.0,1.0,485.0,131.25,115.10394265232976,58.0,314.0,57.91695652173913,64.16681003584229,137.0,0.0,1
285,Stratton Mountain,Vermont,3875.0,960.5625,1872.0,0.0,0.0,0.0,0.0,0.0,1.0,1.0,1.0,11.0,34.0,4.0,1.0,200.0,131.25,115.10394265232976,58.0,180.0,57.91695652173913,64.16681003584229,120.0530035335689,0.0,2
286,Sugarbush,Vermont,4083.0,962.25,1483.0,0.0,0.0,0.0,0.0,0.0,2.0,1.0,3.0,7.0,34.0,4.0,1.0,581.0,131.25,115.10394265232976,61.0,250.0,57.91695652173913,64.16681003584229,120.0530035335689,0.0,2
287,Suicide Six,Vermont,1200.0,650.0,550.0,0.0,0.0,0.0,0.0,0.0,0.0,2.0,1.0,3.0,24.0,0.0,0.4,100.0,50.0,100.0,58.0,90.0,45.0,75.0,106.0,0.0,0
288,Bryce Resort,Virginia,1750.0,500.0,1250.0,0.0,0.0,0.0,0.0,0.0,0.0,1.0,2.0,7.0,8.0,0.0,0.4,25.0,25.0,100.0,54.0,30.0,43.0,68.0,95.0,20.0,0
289,Massanutten,Virginia,2925.0,1110.0,1750.0,0.0,0.0,0.0,0.0,0.0,1.0,0.0,3.0,7.0,13.0,2.0,0.8,70.0,70.0,115.10394265232976,46.0,35.0,57.91695652173913,64.16681003584229,97.0,70.0,2
290,The Homestead Ski Area,Virginia,3200.0,700.0,2500.0,0.0,0.0,0.0,0.0,0.0,0.0,1.0,1.0,2.0,10.0,0.0,1.0,45.0,100.0,91.0,60.0,50.0,57.91695652173913,64.16681003584229,100.0,0.0,2
291,Wintergreen Resort,Virginia,3515.0,1003.0,2512.0,0.0,0.0,0.0,0.0,0.0,1.0,1.0,0.0,5.0,27.0,2.0,1.0,129.0,129.0,107.0,44.0,34.0,59.0,64.16681003584229,121.0,45.0,2
292,49 Degrees North,Washington,5774.0,1851.0,1560.1875,0.0,0.0,0.0,0.0,0.0,0.0,1.0,1.0,7.0,34.0,1.0,2.0,200.0,174.87323943661968,101.0,48.0,301.0,62.0,62.0,135.0,27.0,1
293,Alpental,Washington,5420.0,961.125,1560.1875,0.0,0.0,0.0,0.0,0.0,0.0,1.0,1.0,5.0,24.0,0.0,1.2,200.0,174.87323943661968,120.0,52.0,158.0,57.91695652173913,64.16681003584229,144.0,27.0,1
294,Bluewood,Washington,5670.0,1125.0,1560.375,0.0,0.0,0.0,0.0,0.0,2.0,0.0,1.0,3.0,24.0,2.0,2.0,355.0,174.87323943661968,115.10394265232976,40.0,300.0,42.0,47.0,110.0,0.0,1
295,Crystal Mountain,Washington,3116.5625,964.5,1560.375,0.0,0.0,0.0,0.0,0.0,2.0,2.0,0.0,10.0,57.0,1.0,1.0,200.0,10.0,115.10394265232976,57.0,158.0,57.91695652173913,64.16681003584229,120.0530035335689,0.0,2
296,Mission Ridge,Washington,3116.5625,961.125,1560.375,0.0,0.0,0.0,0.0,0.0,0.0,1.0,2.0,6.0,48.214723926380366,3.0,0.8,200.0,66.0,104.0,53.0,200.0,57.91695652173913,64.16681003584229,96.0,27.0,2
297,Mt. Baker,Washington,5000.0,1500.0,1560.1875,0.0,0.0,0.0,0.0,0.0,0.0,0.0,2.0,10.0,38.0,0.0,0.7,200.0,174.87323943661968,143.0,66.0,158.0,53.75,60.01,120.0530035335689,0.0,1
298,Mt. Spokane Ski and Snowboard Park,Washington,5889.0,960.5625,1560.375,0.0,0.0,0.0,0.0,0.0,1.0,1.0,1.0,7.0,52.0,3.0,0.6,200.0,174.87323943661968,100.0,81.0,300.0,45.0,59.0,103.0,45.0,1
299,Stevens Pass Resort,Washington,5845.0,1800.0,1560.1875,0.0,0.0,0.0,0.0,0.0,1.0,1.0,0.0,10.0,52.0,4.0,1.0,200.0,174.87323943661968,116.0,58.0,158.0,57.91695652173913,64.16681003584229,145.0,27.0,1
300,The Summit at Snoqualmie,Washington,3865.0,1025.0,2840.0,0.0,0.0,0.0,0.0,0.0,1.0,1.0,2.0,7.0,34.0,2.0,0.8,200.0,5.0,120.0,58.0,158.0,57.91695652173913,64.16681003584229,140.0,27.0,2
301,White Pass,Washington,6550.0,960.5625,1560.375,0.0,0.0,0.0,0.0,0.0,1.0,2.0,2.0,8.0,45.0,2.0,1.0,200.0,30.0,115.10394265232976,67.0,157.0,69.0,69.0,144.0,27.0,1
302,Canaan Valley Resort,West Virginia,4280.0,850.0,1560.1875,0.0,0.0,0.0,0.0,0.0,2.0,0.0,1.0,4.0,47.0,1.0,1.2,95.0,75.0,115.10394265232976,48.0,160.0,52.0,68.0,93.0,0.0,2
303,Snowshoe Mountain Resort,West Virginia,4848.0,1500.0,1560.1875,0.0,0.0,0.0,0.0,0.0,1.0,0.0,3.0,7.0,60.0,2.0,1.5,257.0,257.0,125.0,46.0,180.0,70.0,87.0,138.0,27.0,1
304,Timberline Four Seasons,West Virginia,4265.0,1000.0,1560.1875,0.0,0.0,0.0,0.0,0.0,2.0,1.0,1.0,4.0,40.0,1.0,2.0,100.0,100.0,97.0,37.0,150.0,72.0,64.16681003584229,115.0,27.0,2
305,Winterplace Ski Resort,West Virginia,3600.0,603.0,1560.1875,0.0,0.0,0.0,0.0,0.0,1.0,2.0,2.0,9.0,27.0,2.0,1.2,90.0,90.0,120.0,36.0,100.0,56.0,72.0,120.0,74.0,2
306,Alpine Valley Resort,Wisconsin,1040.0,388.0,820.0,0.0,0.0,0.0,0.0,0.0,1.0,1.0,2.0,12.0,21.0,3.0,0.2,90.0,90.0,100.0,55.0,80.0,56.0,65.0,120.0,27.0,0
307,Bruce Mound,Wisconsin,1375.0,375.0,1000.0,0.0,0.0,0.0,0.0,0.0,1.0,0.0,4.0,5.0,12.0,2.0,0.5,40.0,30.0,115.10394265232976,71.0,42.0,33.0,64.16681003584229,120.0530035335689,30.0,0
308,Cascade Mountain,Wisconsin,1280.0,460.0,820.0,0.0,0.0,0.0,0.0,0.0,1.0,2.0,3.0,12.0,47.0,4.0,1.1,175.0,175.0,120.0,57.0,56.0,59.0,64.0,120.0,0.0,0
309,Christie Mountain,Wisconsin,1650.0,350.0,1300.0,0.0,0.0,0.0,0.0,0.0,0.0,1.0,2.0,6.0,30.0,4.0,0.8,45.0,41.0,92.0,43.0,48.0,57.91695652173913,64.16681003584229,120.0,35.0,0
310,Christmas Mountain,Wisconsin,1250.0,250.0,1000.0,0.0,0.0,0.0,0.0,0.0,0.0,0.0,2.0,3.0,16.0,0.0,0.4,40.0,40.0,115.10394265232976,50.0,20.0,57.91695652173913,64.16681003584229,120.0530035335689,40.0,0
311,Devils Head,Wisconsin,995.0,500.0,495.0,0.0,0.0,0.0,0.0,0.0,1.0,1.0,2.0,12.0,27.0,1.0,1.0,260.0,260.0,110.0,48.0,45.0,45.0,65.0,135.0,27.0,0
312,Grand Geneva,Wisconsin,1086.0,211.0,875.0,0.0,0.0,0.0,0.0,0.0,0.0,1.0,3.0,6.0,20.0,1.0,0.2,30.0,30.0,90.0,58.0,25.0,57.91695652173913,49.0,93.0,30.0,0
313,Granite Peak Ski Area,Wisconsin,1942.0,700.0,1242.0,0.0,0.0,0.0,0.0,0.0,2.0,0.0,2.0,7.0,34.0,4.0,0.6,220.0,160.0,136.0,58.0,75.0,57.91695652173913,64.16681003584229,135.0,27.0,0
314,Little Switzerland,Wisconsin,1269.0,200.0,1069.0,0.0,0.0,0.0,0.0,0.0,0.0,1.0,4.0,8.0,18.0,3.0,1.0,50.0,50.0,115.10394265232976,63.65653495440729,185.31645569620247,33.0,41.0,120.0530035335689,50.0,0
315,Mount La Crosse,Wisconsin,1110.0,516.0,594.0,0.0,0.0,0.0,0.0,0.0,0.0,1.0,1.0,4.0,19.0,1.0,0.4,100.0,100.0,115.0,60.0,40.0,56.0,56.0,100.0,27.0,0
316,Nordic Mountain,Wisconsin,1137.0,265.0,872.0,0.0,0.0,0.0,0.0,0.0,1.0,1.0,2.0,7.0,18.0,4.0,1.0,60.0,60.0,115.10394265232976,43.0,80.0,57.91695652173913,47.0,90.0,60.0,0
317,Sunburst,Wisconsin,1100.0,214.0,866.0,0.0,0.0,0.0,0.0,0.0,0.0,1.0,2.0,9.0,13.0,4.0,0.5,37.0,37.0,99.0,59.0,50.0,33.0,44.0,115.0,37.0,0
318,Trollhaugen,Wisconsin,1200.0,260.0,920.0,0.0,0.0,0.0,0.0,0.0,0.0,1.0,2.0,8.0,24.0,4.0,0.5,86.0,86.0,130.0,69.0,50.0,54.0,54.0,120.0,27.0,0
319,Tyrol Basin,Wisconsin,1160.0,300.0,860.0,0.0,0.0,0.0,0.0,0.0,1.0,0.0,2.0,5.0,18.0,2.0,0.5,32.0,32.0,112.0,61.0,41.0,57.91695652173913,48.0,103.0,32.0,0
320,Whitecap Mountain,Wisconsin,1750.0,400.0,1295.0,0.0,0.0,0.0,0.0,0.0,0.0,1.0,0.0,5.0,43.0,1.0,1.0,400.0,130.625,105.0,57.0,200.0,60.0,60.0,118.0,0.0,0
321,Wilmot Mountain,Wisconsin,1030.0,230.0,800.0,0.0,0.0,0.0,0.0,0.0,2.0,2.0,3.0,10.0,23.0,2.0,0.5,135.0,135.0,125.0,81.0,70.0,56.0,66.0,139.0,27.0,0
322,Grand Targhee Resort,Wyoming,3121.25,961.125,1561.5,0.0,0.0,0.0,0.0,0.0,0.0,0.0,1.0,5.0,34.0,1.0,1.0,200.0,174.87323943661968,115.10394265232976,50.0,158.0,57.91695652173913,64.16681003584229,152.0,0.0,2
323,Hogadon Basin,Wyoming,3118.125,640.0,1560.75,0.0,0.0,0.0,0.0,0.0,0.0,1.0,1.0,2.0,28.0,1.0,0.6,92.0,32.0,121.0,61.0,80.0,48.0,48.0,95.0,0.0,2
324,Jackson Hole,Wyoming,3121.25,964.5,1560.75,0.0,0.0,0.0,0.0,0.0,1.0,2.0,1.0,7.0,34.0,2.0,1.0,200.0,195.0,130.0,54.0,158.0,57.91695652173913,64.16681003584229,133.0,0.0,2
325,Meadowlark Ski Lodge,Wyoming,3121.25,1000.0,1561.5,0.0,0.0,0.0,0.0,0.0,1.0,1.0,1.0,3.0,14.0,1.0,1.5,300.0,174.87323943661968,115.10394265232976,58.0,185.31645569620247,57.91695652173913,64.16681003584229,120.0530035335689,0.0,2
326,Sleeping Giant Ski Resort,Wyoming,3116.5625,810.0,1560.75,0.0,0.0,0.0,0.0,0.0,1.0,1.0,1.0,3.0,48.0,1.0,1.0,184.0,18.0,115.10394265232976,81.0,310.0,42.0,42.0,120.0530035335689,0.0,2
327,Snow King Resort,Wyoming,3118.125,1571.0,1560.75,0.0,0.0,0.0,0.0,0.0,1.0,1.0,0.0,3.0,32.0,2.0,1.0,400.0,250.0,121.0,80.0,300.0,59.0,59.0,123.0,27.0,2
328,Snowy Range Ski & Recreation Area,Wyoming,3121.25,990.0,1561.5,0.0,0.0,0.0,0.0,0.0,1.0,1.0,1.0,5.0,33.0,2.0,0.7,75.0,30.0,131.0,59.0,250.0,49.0,49.0,120.0530035335689,0.0,2
329,White Pine Ski Area,Wyoming,3121.25,1100.0,1561.5,0.0,0.0,0.0,0.0,0.0,2.0,0.0,0.0,2.0,25.0,0.0,0.4,370.0,174.87323943661968,115.10394265232976,81.0,150.0,57.91695652173913,49.0,120.0530035335689,0.0,2
